{
  "by_model": {
    "logreg": {
      "roc_auc": 0.9712055545347008,
      "precision_pos": 0.058862001308044476,
      "recall_pos": 0.9183673469387755,
      "f1_pos": 0.11063306699446834
    },
    "rf": {
      "roc_auc": 0.9797273193182733,
      "precision_pos": 0.8602150537634409,
      "recall_pos": 0.8163265306122449,
      "f1_pos": 0.837696335078534
    },
    "xgb": {
      "roc_auc": 0.9770071699895488,
      "precision_pos": 0.208955223880597,
      "recall_pos": 0.8571428571428571,
      "f1_pos": 0.336
    }
  },
  "best_model": "rf",
  "best": {
    "roc_auc": 0.9797273193182733,
    "precision_pos": 0.8602150537634409,
    "recall_pos": 0.8163265306122449,
    "f1_pos": 0.837696335078534
  }
}